{
    "elapsed_time_seconds": 108.48962306976318,
    "average_cpu_usage": 42.73496274402827,
    "max_cpu_usage": 55.7,
    "min_cpu_usage": 6.1,
    "total_cpu_usage": 4636.3
}