{
    "elapsed_time_seconds": 51.21171164512634,
    "average_cpu_usage": 7.260058062038687,
    "max_cpu_usage": 25.2,
    "min_cpu_usage": 2.0,
    "total_cpu_usage": 371.8
}